latitude,longitude
-35.7698,141.3367
-37.5621,149.3685
-37.5063,149.43
-38.0805,141.9096
-38.0668,141.9042
-38.0735,141.8754
-35.7542,141.3474
-37.6784,148.5034
-37.7003,148.3424
-37.3552,147.6306
-37.3567,147.6191
-37.3475,147.6171
-37.2711,147.9839
-37.2726,147.9725
-37.2741,147.9611
-37.2756,147.9496
-37.2787,147.9261
-37.546,149.3768
-37.5476,149.3655
-37.2677,147.9535
-37.6044,148.9688
-37.606,148.9575
-37.6108,148.9234
-37.6124,148.912
-37.6457,148.673
-37.6473,148.6616
-37.1091,148.1028
-37.0818,148.0972
-37.6959,148.3059
-37.4752,149.7947
-37.4769,149.7833
-37.0886,147.0025
-37.09,146.9907
-37.4803,149.7606
-37.0685,147.0854
-37.0701,147.0729
-37.482,149.7492
-36.9802,147.3546
-37.4837,149.7378
-37.537,149.3747
-37.5501,149.2841
-37.5858,149.0348
-37.5906,149.0009
-37.5954,148.9668
-37.597,148.9554
-37.6034,148.91
-37.6161,148.8191
-37.6177,148.8077
-37.6383,148.6595
-36.9637,146.8086
-37.6524,148.5567
-36.9667,146.7836
-36.9581,146.8144
-36.9596,146.8021
-37.4701,149.7758
-36.9471,146.8251
-36.9487,146.8125
-37.4735,149.7531
-37.4802,149.7076
-37.4819,149.6963
-36.9377,146.8231
-37.525,149.4013
-37.5267,149.39
-36.9331,146.7836
-36.9347,146.7709
-36.9362,146.7586
-37.5577,149.1748
-37.5803,149.0161
-37.5835,148.9935
-37.5851,148.9821
-37.5867,148.9708
-36.9076,146.6779
-36.9091,146.6659
-37.5948,148.914
-36.8982,146.6757
-36.8997,146.6637
-37.6091,148.8118
-37.6107,148.8004
-37.6123,148.7891
-37.6425,148.5723
-37.6441,148.5609
-37.6488,148.5266
-37.6504,148.5152
-36.562,147.9387
-36.5636,147.9271
-37.4695,149.7168
-37.4712,149.7055
-37.5127,149.4219
-37.5144,149.4105
-37.516,149.3992
-36.5021,148.0473
-37.5291,149.3086
-36.4689,148.017
-37.5373,149.252
-37.5454,149.1953
-37.547,149.184
-36.4813,147.7158
-36.4828,147.7044
-36.4079,147.9282
-36.4125,147.8942
-36.4004,147.9147
-36.4035,147.8922
-37.5825,148.9347
-36.4234,147.7443
-36.4248,147.7331
-37.5841,148.9233
-37.6033,148.787
-36.3777,147.875
-37.6192,148.6731
-36.3702,147.8617
-36.3717,147.8502
-37.6255,148.6274
-36.3651,147.8425
-37.6665,148.3294
-36.356,147.8406
-37.6681,148.3179
-36.3576,147.8291
-37.6696,148.3064
-36.3485,147.8272
-36.3394,147.8253
-36.341,147.8138
-36.3118,147.9597
-36.3319,147.8119
-37.5021,149.4311
-37.5037,149.4197
-37.5053,149.4084
-36.2862,147.9424
-37.5185,149.3178
-37.5201,149.3065
-37.5234,149.2838
-36.3,147.7705
-36.2924,147.7574
-36.2939,147.7461
-36.2859,147.7504
-37.5526,149.08
-37.5735,148.9326
-36.2799,147.7257
-37.5751,148.9213
-36.2723,147.7122
-37.5767,148.9099
-37.5943,148.785
-36.2647,147.6988
-37.5958,148.7737
-37.5974,148.7623
-36.2465,147.6949
-37.6181,148.614
-37.6291,148.5341
-37.6574,148.3275
-37.659,148.316
-37.4848,149.4856
-37.493,149.429
-37.4947,149.4176
-37.5095,149.3157
-37.5111,149.3044
-37.529,149.1799
-37.5436,149.0779
-37.5884,148.7603
-37.6106,148.6006
-37.6795,148.0944
-37.5362,149.0646
-37.672,148.0807
-37.4501,149.5947
-37.4618,149.5154
-37.4634,149.5041
-37.4651,149.4927
-37.4394,149.604
-37.4411,149.5926
-37.4428,149.5813
-37.4528,149.5132
-37.4544,149.5019
-37.5803,148.6175
-37.5819,148.606
-37.4288,149.6132
-37.4304,149.6018
-37.4321,149.5905
-37.4371,149.5564
-37.5665,148.6497
-37.5681,148.6383
-37.5697,148.6269
-37.5712,148.6155
-37.5728,148.604
-37.6477,148.0516
-37.4114,149.6677
-37.4197,149.611
-37.4214,149.5997
-37.4264,149.5656
-37.4364,149.4977
-37.4381,149.4863
-37.5543,148.6705
-37.5559,148.6591
-37.5575,148.6477
-37.559,148.6363
-37.4157,149.5748
-37.4174,149.5635
-37.4274,149.4956
-37.5453,148.6684
-37.5468,148.657
-37.5484,148.6456
-37.7436,149.2827
-37.7452,149.2713
-37.7346,149.2806
-37.7362,149.2692
-37.7276,149.2731
-37.5399,148.6491
-37.7169,149.2823
-37.6792,147.6173
-37.4556,149.18
-37.4572,149.1687
-37.4588,149.1574
-37.7149,149.0355
-37.5309,148.647
-37.7181,149.0128
-37.4449,149.1892
-37.4466,149.1779
-37.4482,149.1666
-37.4498,149.1553
-37.5234,148.6337
-37.5392,148.5196
-37.6622,147.6018
-37.6904,149.0768
-37.6638,147.5899
-37.692,149.0655
-37.4359,149.1872
-37.4375,149.1759
-37.6798,149.0861
-37.6814,149.0748
-37.6345,147.7417
-37.6545,147.588
-37.6561,147.576
-37.6708,149.0841
-37.5069,148.6182
-37.5116,148.5841
-37.5648,148.1946
-37.5664,148.1829
-37.6637,149.0761
-37.5695,148.1597
-37.6222,147.7634
-37.6685,149.042
-37.6453,147.5861
-37.6701,149.0307
-37.6469,147.5742
-37.6484,147.5623
-37.4179,149.183
-37.6295,149.1854
-37.4244,149.1378
-37.426,149.1265
-37.6783,148.7743
-37.6192,147.7144
-37.6376,147.5723
-37.6392,147.5603
-37.4089,149.1809
-37.5902,149.3286
-37.4154,149.1357
-37.417,149.1244
-37.6284,147.5704
-37.6299,147.5585
-37.4015,149.1676
-37.6645,148.8065
-37.4031,149.1563
-37.4047,149.145
-37.666,148.7951
-37.6676,148.7837
-37.6191,147.5686
-37.6207,147.5566
-37.6692,148.7723
-37.3941,149.1542
-37.3957,149.1429
-37.3974,149.1316
-37.6099,147.5667
-37.6114,147.5548
-37.5763,149.3605
-37.578,149.3492
-37.5796,149.3378
-37.5927,149.2472
-37.6007,147.5648
-37.6022,147.5529
-37.5943,149.2358
-37.3812,149.1221
-37.3909,149.0543
-37.4102,148.9186
-37.4118,148.9073
-37.4134,148.896
-37.415,148.8847
-37.6347,148.9523
-37.4705,148.4871
-37.4721,148.4757
-37.4737,148.4643
-37.5953,147.5579
-37.6554,148.8045
-37.5969,147.546
-37.657,148.7931
-37.3738,149.1087
-37.3754,149.0975
-37.6586,148.7817
-37.377,149.0862
-37.6602,148.7703
-37.6665,148.7246
-37.6729,148.679
-37.5845,147.5682
-37.6745,148.6676
-37.586,147.5563
-37.5876,147.5443
-37.3648,149.1067
-37.7341,148.2309
-37.4571,148.449
-37.5752,147.5665
-37.5673,149.3584
-37.569,149.347
-37.3629,148.9897
-37.3869,148.82
-37.582,149.2564
-37.4296,148.5134
-37.5934,149.1771
-37.648,148.791
-37.6496,148.7796
-37.6512,148.7682
-37.6575,148.7227
-37.6591,148.7112
-37.4464,147.919
-37.6607,148.6998
-37.448,147.9073
-37.6623,148.6884
-37.6654,148.6656
-37.4389,147.9053
-37.4404,147.8936
-37.442,147.882
-37.678,148.5741
-37.3665,148.2344
-37.5567,149.3676
-38.0497,141.9089
-37.5583,149.3563
-37.3575,148.2323
-37.4167,147.5219
-37.4074,147.5202
-37.6198,148.9254
-37.409,147.5083
-37.6214,148.9141
-37.3813,147.6479
-37.3613,147.728
-37.3628,147.7162
-37.6516,148.6978
-37.6564,148.6636
-37.658,148.6521
-37.3613,147.6561
-37.6627,148.6179
-37.3644,147.6327
-36.132,147.9324
-36.1335,147.9212
-36.1245,147.9194
-36.126,147.9082
-36.1184,147.8951
-36.1034,147.8683
-36.0924,147.616
-36.094,147.6047
-36.0529,147.8403
-36.0544,147.8291
-36.0453,147.8272
-36.0362,147.8255
-36.0377,147.814
-36.0393,147.8026
-36.0682,147.5872
-36.0271,147.8238
-36.0286,147.8123
-36.0606,147.5737
-37.4532,149.1745
-37.4466,149.1727
-37.6767,148.1008
-37.5826,147.5713
-37.6755,148.0933
-37.5784,147.5655
-37.6294,147.5783
-37.0603,147.0896
-37.0799,147.0836
-37.0848,146.9951
-37.0871,147.0082
-37.641,148.7859
-37.6482,148.7715
-37.6502,148.7835
-37.6549,148.6949
-37.6569,148.7069
-37.6686,148.7787
-37.6675,148.6541
-37.6904,148.3503
-37.6194,147.7544
-37.7504,148.2129
-37.6777,148.774
-37.6799,148.7613
-37.7504,148.3376
-37.7411,148.3351
-37.6588,148.7687
-37.6609,148.7561
-37.6779,148.6553
-37.7297,148.345
-37.7318,148.3326
-37.7439,148.2592
-37.7459,148.2469
-37.6571,148.7626
-37.6738,148.6617
-37.6455,148.7728
-37.656,148.7095
-37.6665,148.6465
-37.6706,148.6214
-37.6727,148.6089
-37.7391,148.2013
-37.7411,148.1892
-37.5298,149.3969
-37.6632,148.6063
-37.7298,148.1988
-37.5177,149.4077
-37.5201,149.394
-37.6966,148.3433
-37.6987,148.3309
-37.5057,149.4185
-37.508,149.4048
-37.5104,149.3911
-37.6873,148.3407
-37.6893,148.3284
-37.5048,149.3057
-37.6972,148.1015
-37.6806,148.0845
-37.5689,148.6133
-37.6518,148.0454
-37.6426,148.0429
-37.6445,148.0308
-37.6907,147.6211
-37.5711,148.1573
-37.6251,147.7585
-37.6269,147.7467
-37.614,147.7679
-37.6159,147.7562
-37.6178,147.7443
-37.6475,147.5553
-37.6067,147.7537
-37.6086,147.7418
-37.6365,147.5648
-37.6383,147.553
-37.6273,147.5624
-37.6292,147.5506
-37.6182,147.5601
-37.62,147.5484
-37.6017,147.5436
-37.5907,147.5529
-37.5926,147.5411
-38.0616,141.8763
-38.0632,141.8611
-38.0545,141.8851
-38.0562,141.8699
-37.191,147.0948
-37.0916,147.0935
-37.1056,147.0025
-37.1074,146.9909
-37.0825,147.0916
-37.0843,147.0799
-37.0948,147.0118
-37.0965,147.0001
-37.0983,146.9885
-37.0556,147.2044
-37.0574,147.1933
-37.0734,147.0895
-37.0752,147.0781
-37.0857,147.0092
-37.0875,146.9976
-37.0643,147.0872
-36.9558,147.3189
-36.97,146.7984
-36.9268,146.7815
-36.9134,146.6841
-36.9151,146.6726
-36.6604,147.896
-36.6624,147.8838
-36.6493,147.9051
-36.6512,147.8934
-36.6531,147.8811
-36.4855,147.715
-36.2795,147.7267
-36.274,147.7011
-36.2647,147.6988
-36.2506,147.6889
-36.2414,147.6863
-36.0733,147.5829
-37.5222,149.375
-37.5265,149.3721
-37.6495,147.5678
-37.5834,147.5404
-37.5914,147.5381
-37.578,147.533
-37.2583,147.9844
-37.2661,147.9507
-37.0758,147.0701
-38.0957,141.8685
-38.098,141.8551
-38.1003,141.8417
-38.0907,141.839
-38.093,141.8256
-38.0786,141.8497
-38.081,141.8363
-38.0447,141.8616
-38.047,141.8483
-38.0493,141.8349
-38.0516,141.8215
-38.0396,141.8322
-38.0419,141.8188
-36.9234,146.7857
-36.9284,146.7629
-36.9338,146.7386
-36.9103,146.7813
-36.9159,146.7565
-36.9334,146.7588
-36.9155,146.7766
-36.9207,146.753
-36.0715,147.5845
-36.3007,147.7616
-36.3023,147.7727
-36.3146,147.793
-36.3588,147.8406
-36.3678,147.8386
-36.3694,147.8497
-36.3833,147.8811
-36.4153,147.7294
-36.4169,147.7405
-36.4863,148.024
-36.5048,148.0256
-36.5081,148.048
-36.5097,148.0591
-36.4878,147.719
-36.5565,147.9337
-36.5581,147.9448
-36.5655,147.9317
-36.5671,147.9428
-36.5687,147.954
-36.5878,147.8396
-36.5894,147.8507
-36.6098,147.9268
-36.6335,147.8985
-36.6352,147.9096
-36.6425,147.8965
-36.6499,147.8833
-36.6515,147.8945
-36.6532,147.9057
-36.6605,147.8925
-36.9766,147.3516
-36.9782,147.3628
-36.9087,146.7838
-36.916,146.7704
-36.9177,146.7817
-36.923,146.816
-36.9092,146.666
-36.925,146.7681
-37.1227,148.0958
-36.9323,146.7544
-37.0455,147.2012
-37.0545,147.1991
-37.068,147.2889
-37.0717,147.0668
-37.0734,147.078
-37.363,149.1032
-37.3646,149.1153
-37.0825,147.0761
-37.0859,147.0986
-37.0876,147.11
-37.3787,149.1496
-37.3803,149.1615
-37.4231,149.4844
-37.4247,149.4965
-37.4596,149.7652
-37.3656,148.9821
-37.3895,149.1595
-37.3911,149.1714
-37.4324,149.4824
-37.434,149.4946
-37.4468,149.5917
-37.0906,147.01
-37.4377,149.4757
-37.4393,149.4878
-37.4408,149.4999
-37.4424,149.512
-37.4439,149.5242
-37.0979,146.9966
-37.3999,149.0423
-37.2609,147.9713
-37.2626,147.9827
-37.2642,147.994
-37.3807,148.8291
-37.2699,147.9693
-37.2716,147.9807
-37.4293,149.1207
-37.2725,147.9223
-37.4796,149.4301
-37.4873,149.4161
-37.4634,149.1632
-37.495,149.4021
-37.5027,149.3881
-37.5043,149.4003
-37.4977,149.2785
-37.5025,149.3143
-37.5104,149.3739
-37.512,149.3862
-37.5136,149.3985
-37.3618,148.2352
-37.5037,149.2828
-37.5162,149.3783
-37.5178,149.3907
-37.5193,149.4029
-37.513,149.2809
-37.5255,149.3768
-37.5271,149.3889
-37.5286,149.4011
-37.5207,149.2669
-37.5223,149.279
-37.5347,149.301
-37.5363,149.313
-37.5425,149.3609
-37.5517,149.2853
-37.5325,149.0691
-37.5688,149.3433
-37.3553,147.7341
-37.5417,149.0673
-37.5433,149.0791
-37.5765,149.3295
-37.3494,147.6305
-37.3643,147.732
-37.5525,149.0773
-37.5858,149.3276
-37.5065,148.6121
-37.508,148.6237
-37.5108,148.5755
-37.5171,148.6217
-37.5187,148.6333
-37.5279,148.6315
-37.5294,148.643
-37.5815,149.0291
-37.6067,149.2196
-37.2289,146.5295
-37.537,148.6295
-37.5386,148.6411
-37.5765,148.9211
-37.5781,148.9329
-37.5859,148.9915
-37.5875,149.0033
-37.5891,149.0152
-37.6159,149.2177
-37.5477,148.6391
-37.5936,148.9779
-37.398,147.5208
-37.5552,148.6256
-37.5568,148.6371
-37.5949,148.9175
-37.6313,149.19
-37.4054,147.5074
-37.407,147.5187
-37.5627,148.612
-37.5643,148.6236
-37.6184,149.0216
-37.416,147.5167
-37.5925,148.7609
-37.5941,148.7727
-37.5958,148.7844
-37.6149,148.9253
-37.6164,148.937
-37.6292,149.0315
-37.6049,148.7825
-37.6368,149.0179
-37.6141,148.7807
-37.6157,148.7922
-37.6172,148.8039
-37.638,148.9567
-37.6226,148.796
-37.643,148.949
-37.6556,149.0436
-37.6619,149.0912
-37.6175,148.6893
-37.6711,149.0894
-37.5597,148.203
-37.6172,148.6178
-37.6393,148.7806
-37.6409,148.7923
-37.6804,149.0876
-37.6896,149.0856
-37.7147,149.2768
-37.6481,148.7068
-37.6497,148.7184
-37.6513,148.7301
-37.6545,148.7535
-37.6561,148.7652
-37.6577,148.7768
-37.6972,149.0717
-37.724,149.275
-37.6605,148.7282
-37.6621,148.7399
-37.6637,148.7516
-37.6668,148.7749
-37.6473,148.5636
-37.6521,148.5983
-37.6712,148.738
-37.6728,148.7497
-37.7046,148.9849
-37.7426,149.2714
-37.6628,148.608
-37.6692,148.6545
-37.6788,148.7245
-37.682,148.7478
-37.6836,148.7595
-37.6852,148.7711
-37.7138,148.983
-37.7154,148.9949
-37.7186,149.0186
-37.7202,149.0305
-37.6736,148.6177
-37.68,148.6642
-37.6605,148.3293
-37.5697,147.5625
-37.5714,147.5738
-37.5994,147.7663
-37.6384,148.0392
-37.5738,147.5266
-37.5754,147.5379
-37.5771,147.5492
-37.5787,147.5605
-37.5804,147.5718
-37.6491,148.0486
-37.5844,147.5358
-37.5861,147.5471
-37.6158,147.751
-37.6058,147.5543
-37.6843,148.0996
-37.6148,147.5523
-37.6319,147.5532
-37.6335,147.5645
-37.7247,148.2021
-37.7327,148.2595
-37.6409,147.5512
-37.6426,147.5625
-37.7402,148.246
-37.6516,147.5604
-37.6532,147.5717
-37.6861,147.7986
-37.6655,147.5924
-38.0365,141.8442
-38.0472,141.8409
-38.038,141.8383
-38.0736,141.8451
-38.0844,141.8418
-38.0985,141.8554
-36.9738,147.2931
-36.9923,147.3604
-37.0683,148.1038
-36.981,147.3559
-37.0778,148.0931
-37.0909,148.0906
-37.0647,147.2997
-37.1127,147.8674
-37.1145,147.8893
-37.0661,147.2936
-37.1107,147.8626
-37.1124,147.8846
-37.0848,147.0667
-38.0415,141.8545
-38.0431,141.8668
-38.0472,141.8596
-38.0831,141.8398
-38.0941,141.8502
-38.0956,141.8625
-38.0972,141.8749
-38.0988,141.8873
-38.105,141.8607
-36.9863,147.305
-36.9586,147.3437
-36.9702,147.2992
-36.9711,147.3459
-36.9829,147.2993
-38.1066,141.8801
-38.1108,141.8745
-36.6775,147.905
-38.0423,141.8519
-37.7305,149.0168
-37.7175,149.0421
-37.7222,149.0015
-37.6931,149.0791
-37.657,149.0452
-37.6487,149.0297
-37.6826,148.7274
-37.6934,148.6294
-37.6469,149.0375
-37.6149,149.2227
-37.6849,148.6223
-37.6146,149.1414
-37.6178,149.1144
-37.5829,149.3249
-37.5845,149.3118
-37.6049,149.1395
-37.6064,149.126
-37.608,149.1127
-37.6096,149.099
-37.619,149.0188
-37.6442,148.8004
-37.5701,149.3494
-37.5717,149.3363
-37.5732,149.3232
-37.5604,149.3479
-37.6023,148.9892
-37.6243,148.7973
-37.5508,149.3461
-37.5586,149.2798
-37.5879,149.0271
-37.5894,149.0139
-37.5925,148.9871
-37.5941,148.9732
-37.5458,149.3044
-37.5473,149.2914
-37.5269,149.3813
-37.5284,149.3683
-37.5345,149.3158
-37.5233,149.3271
-37.5045,149.463
-37.5154,149.3733
-37.5218,149.3204
-37.5296,149.2549
-37.5518,149.0688
-37.5027,149.3969
-37.5042,149.3842
-37.5057,149.3713
-37.5105,149.3317
-37.5121,149.3186
-37.5183,149.2663
-37.5199,149.2531
-37.4636,149.6383
-37.4915,149.4081
-37.493,149.3952
-37.5024,149.3169
-37.5071,149.2775
-37.5086,149.2646
-37.4803,149.4191
-37.4974,149.2757
-37.5513,148.6354
-37.5529,148.6212
-37.4452,149.4652
-37.4341,149.4763
-37.4356,149.4635
-37.5314,148.6315
-37.5229,148.6159
-37.6367,147.5414
-37.4164,149.4597
-37.4128,149.4663
-37.4143,149.4535
-37.6313,147.551
-37.633,147.535
-37.4032,149.4644
-37.61,147.5478
-37.5904,147.5294
-37.3971,149.1842
-37.389,149.1692
-37.3905,149.1561
-37.5658,147.5582
-37.5674,147.5425
-37.5691,147.5258
-37.3816,149.0612
-37.3954,148.9406
-37.3969,148.9268
-37.3687,149.0865
-37.3678,149.0797
-37.3549,149.1047
-37.3592,148.983
-37.3615,148.7903
-37.3484,148.8161
-37.2816,149.3049
-37.2831,149.2922
-37.2734,149.2906
-37.286,148.7424
-37.4109,147.507
-37.4126,147.4906
-37.3654,147.7375
-37.3566,147.7201
-37.3613,147.6743
-37.3644,147.644
-37.3571,147.6115
-37.351,147.6197
-37.2581,147.9902
-37.2596,147.9764
-37.1549,148.1026
-37.1462,148.087
-37.1125,148.3007
-37.1359,148.0854
-37.1257,148.0838
-37.1155,148.0821
-37.1341,147.906
-37.117,148.0904
-37.1186,148.0763
-37.1365,147.9151
-37.1068,148.0891
-37.1262,147.9133
-37.1279,147.8976
-37.0965,148.088
-37.1159,147.9115
-37.1176,147.896
-37.1194,147.8799
-37.0861,148.0871
-37.0877,148.0726
-37.1073,147.8936
-37.1916,147.093
-37.2498,146.5086
-37.076,148.0847
-37.0776,148.0703
-37.097,147.8916
-37.0988,147.8758
-37.1807,147.0921
-37.2351,146.5427
-37.2368,146.5248
-37.2383,146.5092
-37.066,148.0813
-37.0675,148.0672
-37.2237,146.5429
-37.2254,146.5248
-37.227,146.5081
-37.0542,148.0944
-37.0557,148.0807
-37.0572,148.0668
-37.0306,148.1201
-37.0323,148.1046
-37.0219,148.1042
-37.104,147.3118
-37.0235,148.1136
-37.0252,148.0986
-37.0992,147.3214
-37.1008,147.3058
-37.0885,147.3194
-37.0901,147.304
-37.1171,147.0432
-37.119,147.0255
-37.0778,147.318
-37.0795,147.3022
-37.1061,147.0431
-37.1082,147.0233
-36.9653,148.2645
-37.0973,147.0213
-37.099,147.0043
-37.068,147.2025
-37.0394,147.3757
-37.041,147.3602
-37.0671,147.1031
-37.0688,147.086
-37.077,147.0038
-37.0288,147.3737
-37.0304,147.3579
-37.032,147.3421
-37.0465,147.1992
-37.0579,147.0847
-37.0597,147.0665
-37.018,147.3736
-37.0197,147.3572
-37.0213,147.341
-37.0471,147.0836
-37.0489,147.0652
-37.0074,147.3722
-37.009,147.3559
-37.0106,147.34
-37.0122,147.3242
-37.0125,147.3823
-37.0142,147.3666
-37.0159,147.3504
-37.0176,147.3345
-37.0018,147.3809
-37.0035,147.3655
-37.0052,147.3491
-37.0069,147.3335
-37.0085,147.3175
-36.9929,147.3637
-36.9808,147.3755
-36.9823,147.3614
-36.9701,147.3745
-36.9718,147.3587
-36.9659,147.3108
-36.9671,146.8592
-36.9771,146.8535
-36.966,146.8531
-36.9078,146.6507
-36.8821,146.6741
-36.7002,147.9057
-36.7019,147.8904
-36.6899,147.9046
-36.6914,147.8901
-36.6931,147.8741
-36.6948,147.8589
-36.6796,147.903
-36.6812,147.8878
-36.6828,147.8729
-36.6843,147.859
-36.6816,147.9121
-36.6832,147.8977
-36.6849,147.8826
-36.6866,147.8676
-36.6882,147.8534
-36.673,147.8962
-36.6746,147.8812
-36.6761,147.8677
-36.6777,147.8532
-36.6626,147.8949
-36.6642,147.8806
-36.6658,147.8661
-36.6539,147.8793
-36.6183,147.9184
-36.6066,147.9302
-36.6059,147.8394
-36.6073,147.8262
-36.5955,147.8385
-36.597,147.8248
-36.5978,147.8466
-36.5993,147.8334
-36.6009,147.8191
-36.5572,147.9302
-36.5155,148.0263
-36.5069,148.0098
-36.4852,148.0191
-36.4864,148.0282
-36.488,148.0143
-36.5,147.7184
-36.5016,147.704
-36.4896,147.7177
-36.4911,147.7033
-36.4192,147.8843
-36.3919,147.8724
-36.2488,147.6774
-36.1162,147.8958
-36.1045,147.9078
-36.106,147.8939
-36.088,147.5782
-36.0822,147.5704
-36.0236,147.8157
-38.087,141.2111
-36.6712,147.8923
-36.6881,147.8837
-36.6702,147.8892
-36.687,147.8801
-36.6706,147.8814
-36.6866,147.8824
-36.6806,147.8777
-36.9988,147.3809
-37.0142,147.3798
-37.0298,147.381
-36.9956,147.3757
-37.011,147.375
-37.0265,147.3759
-37.0556,147.0848
-37.0644,146.9814
-37.0665,147.0151
-37.1183,147.8977
-37.1204,147.9362
-37.0818,147.0161
-37.0641,147.007
-37.1106,147.8918
-37.0792,147.0065
-37.083,147.0741
-37.1284,147.9273
-37.1113,147.0381
-37.5114,149.4049
-37.5616,147.5747
-37.5722,147.5678
-37.586,147.5302
-38.0285,141.8468
-38.0302,141.8639
-38.0741,141.1967
-38.0757,141.2125
-38.0829,141.1791
-38.0846,141.195
-38.0863,141.2108
-36.6012,147.8474
-36.6124,147.8431
-36.6844,147.8564
-36.6951,147.8503
-36.6988,147.8685
-36.7025,147.887
-36.8523,148.3498
-36.8517,148.3429
-37.0299,148.1835
-37.0338,148.2029
-37.0273,148.1115
-37.0339,148.1449
-37.0372,148.1614
-37.0409,148.1801
-37.0444,148.1978
-37.048,148.2163
-37.0448,148.1407
-37.0481,148.1579
-37.0893,148.0706
-37.0927,148.0877
-36.9579,147.3643
-36.9621,147.3845
-36.966,147.4033
-36.9574,147.3021
-36.9691,147.3588
-36.973,147.378
-36.9769,147.3971
-36.9809,147.4165
-36.9848,147.4356
-37.1177,148.0962
-36.9846,147.3749
-37.1255,148.0762
-36.9966,147.3736
-37.0001,147.3909
-37.1398,148.0896
-37.0117,147.3877
-37.0152,147.4051
-37.0191,147.424
-37.1507,148.086
-37.154,148.1027
-37.0194,147.3651
-37.0232,147.3839
-37.027,147.4028
-37.0308,147.4219
-37.165,148.099
-37.1679,148.114
-37.1713,148.1315
-37.3556,149.0995
-37.0306,147.3598
-37.0344,147.3789
-37.0384,147.3989
-37.142,147.9217
-37.0176,147.3795
-37.0214,147.3976
-37.0252,147.4161
-37.1667,148.1084
-37.1699,148.1245
-37.0287,147.374
-37.0327,147.3932
-37.0369,147.4135
-37.0409,147.4327
-37.1396,147.9157
-37.0362,147.351
-37.0403,147.3706
-37.0441,147.3893
-37.0556,147.3856
-37.0595,147.4045
-37.3982,148.948
-37.0901,147.3145
-37.0939,147.3332
-37.0938,147.2721
-37.1017,147.3114
-37.1055,147.3303
-37.0737,147.112
-37.0882,147.2684
-37.0963,147.3074
-37.1002,147.3261
-37.0669,147.1075
-37.5082,149.326
-37.5111,149.341
-37.5168,149.3716
-37.5184,149.3229
-37.5213,149.338
-37.0818,147.0594
-37.2664,147.9638
-37.5175,149.2602
-37.5286,149.3199
-37.5315,149.3352
-37.5344,149.3507
-37.5277,149.2572
-37.1039,146.985
-37.1078,147.0038
-37.1168,147.0477
-37.1153,146.9796
-37.1194,146.9994
-37.1281,147.0418
-37.4298,148.5055
-37.1234,146.9907
-37.431,148.4983
-37.3961,148.2053
-37.5954,149.006
-37.5982,149.0206
-37.6029,148.9872
-37.6058,149.0028
-37.552,148.5992
-37.5541,148.5925
-37.5899,148.7192
-37.593,148.7355
-37.5989,148.7664
-37.6094,148.7628
-37.6229,148.7753
-37.626,148.7917
-37.629,148.8073
-37.6364,148.7883
-37.6394,148.8039
-37.6499,148.8008
-37.4218,147.5102
-37.4256,147.5289
-37.2305,146.5103
-37.4331,147.5064
-37.4366,147.5239
-37.4292,147.5013
-37.4327,147.5184
-37.2324,146.5032
-37.2482,146.5167
-37.6777,148.6332
-37.6851,148.6138
-37.6882,148.6301
-37.5645,147.5296
-37.5684,147.5488
-37.6047,147.7289
-37.6678,148.0463
-37.6712,148.0634
-37.689,148.0952
-37.6998,148.0917
-37.5982,147.5183
-37.6018,147.5363
-37.613,147.5326
-37.6132,147.5448
-37.7188,149.0874
-37.6062,148.979
-37.5972,148.9769
-37.5507,149.2358
-37.5433,149.2223
-37.4709,149.6516
-37.4602,149.6608
-37.4831,149.4428
-37.4848,149.4315
-37.4865,149.4201
-37.4741,149.4407
-37.4758,149.4294
-37.4774,149.418
-37.4667,149.4323
-37.4684,149.4209
-37.4543,149.4528
-37.456,149.4415
-37.4577,149.4301
-37.4436,149.462
-37.4453,149.4507
-37.447,149.4393
-37.4486,149.428
-37.4128,149.6075
-37.4145,149.5962
-37.4162,149.5847
-37.4179,149.5734
-37.4229,149.5393
-37.4246,149.528
-37.4263,149.5167
-37.4279,149.5053
-37.4313,149.4826
-37.4329,149.4712
-37.4346,149.4599
-37.4363,149.4485
-37.438,149.4372
-37.4396,149.4258
-37.4072,149.5826
-37.4088,149.5712
-37.4105,149.5599
-37.4122,149.5485
-37.4139,149.5372
-37.4156,149.5259
-37.4172,149.5146
-37.4189,149.5032
-37.4206,149.4918
-37.4222,149.4805
-37.4239,149.4691
-37.4256,149.4578
-37.4273,149.4464
-37.4289,149.4351
-37.4015,149.5577
-37.4032,149.5463
-37.4048,149.535
-37.4065,149.5237
-37.4082,149.5124
-37.4099,149.5011
-37.4115,149.4897
-37.4132,149.4784
-37.4149,149.467
-37.4166,149.4557
-37.3941,149.5442
-37.3958,149.5329
-37.3975,149.5216
-37.3992,149.5103
-37.4008,149.499
-37.4025,149.4876
-37.4042,149.4763
-37.4059,149.4649
-37.3851,149.5421
-37.3868,149.5308
-37.3885,149.5195
-37.3901,149.5082
-37.3918,149.4968
-37.3935,149.4855
-37.3952,149.4741
-37.3968,149.4628
-37.3761,149.54
-37.3778,149.5287
-37.367,149.5379
-37.5055,148.5743
-37.5071,148.5629
-37.644,147.5417
-37.6376,147.547
-37.6392,147.5352
-37.4902,148.5651
-37.6284,147.5452
-37.6299,147.5332
-37.6037,147.516
-37.5945,147.5141
-37.4497,148.521
-37.4406,148.519
-37.4422,148.5076
-37.2758,148.716
-37.2593,148.7007
-37.1816,148.5954
-37.1857,148.4329
-37.1873,148.4214
-37.1889,148.41
-37.1905,148.3985
-37.1782,148.4195
-37.1798,148.4081
-37.1814,148.3967
-37.183,148.3853
-37.1692,148.4175
-37.1708,148.4061
-37.1723,148.3947
-37.1739,148.3833
-37.157,148.4383
-37.1585,148.427
-37.1601,148.4156
-37.1617,148.4041
-37.1633,148.3927
-37.1649,148.3813
-37.1883,148.2108
-37.1898,148.1994
-37.1522,148.4199
-37.1538,148.4085
-37.1554,148.397
-37.157,148.3856
-37.1585,148.3743
-37.1602,148.3627
-37.1806,148.2151
-37.1821,148.2039
-37.1837,148.1925
-37.1448,148.4063
-37.1463,148.3949
-37.1479,148.3836
-37.1495,148.3722
-37.1511,148.3606
-37.1715,148.2132
-37.173,148.202
-37.1825,148.1329
-37.1841,148.1213
-37.1389,148.3813
-37.1405,148.37
-37.1624,148.2113
-37.164,148.2
-37.1751,148.1193
-37.1766,148.108
-37.1361,148.3341
-37.1377,148.3227
-37.1549,148.1981
-37.1675,148.1062
-37.1271,148.3322
-37.1286,148.3208
-37.1302,148.3094
-37.1442,148.2074
-37.1599,148.0931
-37.118,148.3301
-37.1196,148.3188
-37.1211,148.3075
-37.1336,148.2167
-37.1352,148.2055
-37.1508,148.0912
-37.1523,148.0798
-37.109,148.328
-37.1105,148.3168
-37.1121,148.3055
-37.1136,148.2943
-37.123,148.2261
-37.1246,148.2148
-37.1261,148.2035
-37.1277,148.192
-37.1433,148.0779
-37.1634,147.9291
-37.0999,148.326
-37.1015,148.3148
-37.103,148.3036
-37.1046,148.2923
-37.1061,148.2809
-37.1326,148.0873
-37.1342,148.076
-37.1357,148.0647
-37.1527,147.9386
-37.1543,147.9271
-37.1558,147.9156
-37.0924,148.3128
-37.094,148.3017
-37.0955,148.2903
-37.1235,148.0854
-37.1251,148.0741
-37.1266,148.0627
-37.1436,147.9366
-37.1452,147.9252
-37.1467,147.9137
-37.0833,148.3109
-37.0849,148.2997
-37.0865,148.2883
-37.1129,148.0949
-37.1144,148.0835
-37.116,148.0721
-37.1175,148.0608
-37.1345,147.9346
-37.1361,147.9232
-37.1376,147.9118
-37.1391,147.9002
-37.2356,147.16
-37.0713,148.337
-37.076,148.3028
-37.0776,148.2915
-37.0792,148.2802
-37.1058,148.0869
-37.1307,147.9037
-37.2287,147.1646
-37.2303,147.1528
-37.2319,147.1406
-37.2334,147.1284
-37.0607,148.3461
-37.0622,148.335
-37.0638,148.3237
-37.067,148.3009
-37.0685,148.2896
-37.0701,148.2782
-37.0717,148.2668
-37.0733,148.2555
-37.0748,148.2442
-37.0967,148.085
-37.0983,148.0735
-37.1185,147.9247
-37.1201,147.9133
-37.2209,147.1512
-37.2225,147.1389
-37.2241,147.1265
-37.2304,147.0779
-37.232,147.0653
-37.2335,147.0537
-37.0516,148.3443
-37.0532,148.333
-37.0548,148.3217
-37.0563,148.3103
-37.0611,148.2763
-37.0626,148.2649
-37.0642,148.2536
-37.0657,148.2423
-37.0891,148.0718
-37.0907,148.0604
-37.111,147.9113
-37.1125,147.8997
-37.2132,147.1371
-37.2148,147.1248
-37.2163,147.1133
-37.2178,147.1014
-37.2211,147.0758
-37.2227,147.0635
-37.2242,147.0518
-37.2256,147.0406
-37.0441,148.3311
-37.0457,148.3197
-37.0473,148.3083
-37.0536,148.263
-37.0551,148.2516
-37.0567,148.2403
-37.0582,148.229
-37.0598,148.2177
-37.0785,148.0813
-37.08,148.0699
-37.0816,148.0585
-37.1082,147.8626
-37.2055,147.1229
-37.207,147.1115
-37.2085,147.0996
-37.2102,147.0866
-37.2118,147.0741
-37.2134,147.0619
-37.2149,147.0497
-37.2163,147.0385
-37.2179,147.0265
-37.0367,148.3177
-37.0382,148.3064
-37.0445,148.261
-37.0461,148.2496
-37.0476,148.2383
-37.0492,148.227
-37.0507,148.2157
-37.0695,148.079
-37.071,148.0676
-37.0725,148.0564
-37.0943,147.8956
-37.0959,147.884
-37.0975,147.8723
-37.0991,147.8607
-37.193,147.1458
-37.1962,147.1211
-37.1977,147.1094
-37.2009,147.0848
-37.2024,147.0727
-37.204,147.0603
-37.2056,147.0477
-37.2071,147.0363
-37.2085,147.0247
-37.0276,148.3157
-37.0292,148.3045
-37.0386,148.2364
-37.0401,148.2251
-37.0416,148.2139
-37.0432,148.2023
-37.0448,148.1908
-37.0619,148.0658
-37.0634,148.0546
-37.0883,147.8705
-37.1822,147.1558
-37.1915,147.0833
-37.193,147.0711
-37.1946,147.0586
-37.1963,147.0459
-37.1977,147.0345
-37.1992,147.0231
-37.2007,147.0106
-37.2606,146.5315
-37.2621,146.5187
-37.0326,148.2119
-37.0342,148.2005
-37.0357,148.189
-37.0389,148.1659
-37.0405,148.1545
-37.0482,148.0979
-37.0497,148.0865
-37.0513,148.0753
-37.1806,147.0941
-37.1821,147.0817
-37.1838,147.069
-37.1853,147.0566
-37.1869,147.0441
-37.1884,147.0325
-37.1898,147.0212
-37.1914,147.009
-37.248,146.5546
-37.2495,146.542
-37.2511,146.5291
-37.2527,146.5164
-37.2542,146.5042
-37.0283,148.1754
-37.0298,148.1639
-37.0314,148.1526
-37.0329,148.1414
-37.0392,148.0956
-37.0407,148.0843
-37.1346,147.3778
-37.1712,147.0923
-37.1728,147.08
-37.1744,147.0673
-37.176,147.0548
-37.1776,147.0424
-37.1791,147.0306
-37.1805,147.0192
-37.182,147.0074
-37.2385,146.5528
-37.2401,146.5399
-37.0207,148.162
-37.0223,148.1506
-37.0238,148.1393
-37.0254,148.1281
-37.0269,148.1168
-37.0285,148.1053
-37.0301,148.0938
-37.1055,147.5284
-37.1619,147.0906
-37.1635,147.0785
-37.1651,147.0658
-37.1666,147.0535
-37.1682,147.0409
-37.1698,147.0285
-37.1712,147.017
-37.1727,147.0055
-37.2274,146.5639
-37.229,146.5512
-37.2305,146.5388
-37.2349,146.5023
-37.0178,148.1149
-37.0194,148.1036
-37.0979,147.5148
-37.1526,147.089
-37.1542,147.0764
-37.1557,147.064
-37.1589,147.0388
-37.1604,147.0266
-37.1619,147.0151
-37.1634,147.0035
-37.1548,147.0324
-37.1564,147.0204
-37.1578,147.0089
-36.9807,148.2649
-37.1471,147.0184
-36.9716,148.263
-37.0712,147.5277
-37.0727,147.516
-37.1377,147.017
-37.1392,147.0047
-36.9626,148.2611
-37.0635,147.5143
-37.0651,147.5024
-37.0713,147.4552
-37.0744,147.4317
-37.0759,147.4201
-37.0959,147.2671
-37.0975,147.2545
-37.1283,147.0151
-37.1299,147.0028
-37.0543,147.5122
-37.0559,147.5005
-37.0636,147.4419
-37.0651,147.43
-37.0667,147.4182
-37.0682,147.4067
-37.0697,147.395
-37.0712,147.3833
-37.0866,147.2654
-37.0882,147.2529
-37.0898,147.2407
-37.119,147.0136
-37.1206,147.0011
-37.0452,147.5101
-37.0467,147.4984
-37.0483,147.4864
-37.0498,147.4747
-37.0513,147.4632
-37.0528,147.4517
-37.0543,147.4403
-37.0559,147.4283
-37.0575,147.4164
-37.059,147.4046
-37.0605,147.3929
-37.062,147.3813
-37.0636,147.3696
-37.0696,147.3228
-37.0757,147.2757
-37.0789,147.2516
-37.0805,147.239
-37.082,147.2274
-37.1048,147.0495
-37.1064,147.0372
-37.1097,147.0114
-37.1112,146.9995
-37.0391,147.4846
-37.0406,147.473
-37.0421,147.4616
-37.0436,147.45
-37.0451,147.4384
-37.0466,147.4267
-37.0482,147.4146
-37.0498,147.4028
-37.0513,147.3909
-37.0528,147.3794
-37.0543,147.3679
-37.0558,147.3561
-37.0619,147.3092
-37.0696,147.2498
-37.0712,147.2373
-37.0727,147.2257
-37.0742,147.2144
-37.0757,147.2022
-37.0924,147.0716
-37.094,147.0598
-37.0955,147.0476
-37.0971,147.0349
-37.0314,147.471
-37.0329,147.4596
-37.0344,147.448
-37.0359,147.4364
-37.0375,147.4247
-37.039,147.413
-37.0405,147.4012
-37.0436,147.3775
-37.0451,147.366
-37.0466,147.3543
-37.0542,147.2956
-37.0557,147.2839
-37.0604,147.2477
-37.0619,147.2355
-37.0634,147.224
-37.0649,147.2126
-37.068,147.1883
-37.0895,147.02
-37.0222,147.4692
-37.0237,147.4577
-37.0252,147.4458
-37.0267,147.4343
-37.0283,147.4226
-37.0298,147.411
-37.0374,147.352
-37.0389,147.3405
-37.0526,147.234
-37.0541,147.2223
-37.0588,147.1863
-37.0603,147.1744
-37.0693,147.1035
-37.0206,147.4089
-37.0297,147.3383
-37.0418,147.2446
-37.0433,147.2325
-37.0449,147.2206
-37.0464,147.209
-37.0494,147.1847
-37.051,147.1729
-37.0239,147.3306
-37.0377,147.225
-37.0392,147.2131
-37.0408,147.2011
-37.0424,147.189
-37.0439,147.1774
-36.9993,147.4454
-37.0008,147.4337
-37.0162,147.3171
-37.033,147.1876
-36.9901,147.4438
-36.9916,147.4322
-36.9931,147.4203
-36.9976,147.386
-37.0069,147.3156
-37.0085,147.3034
-36.9823,147.4306
-36.9839,147.4187
-36.9855,147.4067
-36.987,147.3952
-36.9885,147.3839
-36.99,147.3723
-36.9992,147.3019
-36.9746,147.4173
-36.9762,147.4053
-36.9793,147.3815
-36.9899,147.3003
-36.9915,147.2883
-36.9685,147.392
-36.9837,147.2748
-36.9608,147.3787
-36.9624,147.3664
-36.9745,147.2731
-36.9531,147.365
-36.9546,147.3533
-36.9561,147.3416
-36.9607,147.306
-36.9622,147.2944
-36.9638,147.2827
-36.9652,147.2713
-37.0066,146.9474
-36.9469,147.3401
-36.9499,147.3164
-36.9515,147.3044
-36.953,147.2923
-37.0004,146.9206
-37.0019,146.9089
-37.0034,146.897
-36.991,146.9189
-36.9925,146.9074
-36.994,146.8956
-36.9955,146.8836
-36.987,146.9131
-36.9885,146.9015
-36.99,146.8896
-36.9777,146.9113
-36.9791,146.8997
-36.9807,146.8877
-36.9823,146.875
-36.9683,146.9097
-36.9698,146.8981
-36.9713,146.886
-36.9729,146.8737
-36.9744,146.8614
-36.9605,146.8959
-36.962,146.8837
-36.9636,146.8714
-36.965,146.8598
-36.8033,148.0163
-36.8048,148.005
-36.8064,147.9936
-36.8079,147.9823
-36.9527,146.8815
-36.9543,146.8692
-36.9558,146.8574
-36.9573,146.8455
-36.7927,148.0256
-36.7942,148.0145
-36.7957,148.003
-36.7973,147.9916
-36.7988,147.9803
-36.8004,147.969
-36.8019,147.9575
-36.9434,146.8791
-36.945,146.867
-36.9464,146.8554
-36.9479,146.8436
-36.7836,148.0237
-36.7851,148.0125
-36.7867,148.0011
-36.7882,147.9897
-36.7897,147.9784
-36.7913,147.967
-36.7929,147.9554
-36.7944,147.9438
-36.9341,146.8771
-36.9356,146.8655
-36.9371,146.8535
-36.9386,146.8413
-36.9555,146.7068
-36.957,146.6944
-36.9586,146.6819
-36.776,148.0105
-36.7776,147.999
-36.7791,147.9877
-36.7807,147.9764
-36.7822,147.965
-36.7838,147.9534
-36.7854,147.9418
-36.9247,146.8753
-36.9262,146.8634
-36.9278,146.8511
-36.9293,146.8392
-36.9446,146.7169
-36.9461,146.7046
-36.9477,146.692
-36.9492,146.6798
-36.9507,146.6677
-36.767,148.0084
-36.7685,147.9969
-36.7701,147.9856
-36.7716,147.9743
-36.7732,147.9629
-36.7747,147.9512
-36.7763,147.9396
-36.7779,147.9281
-36.9154,146.8733
-36.9169,146.8614
-36.9184,146.849
-36.9199,146.8372
-36.9306,146.7513
-36.9322,146.739
-36.9337,146.7266
-36.9352,146.7146
-36.9367,146.7022
-36.9383,146.6898
-36.9398,146.6778
-36.9412,146.6659
-36.7579,148.0063
-36.7595,147.9949
-36.761,147.9836
-36.7625,147.9724
-36.7641,147.9609
-36.7657,147.9492
-36.7672,147.9377
-36.7703,147.9147
-36.9151,146.7993
-36.9197,146.7623
-36.9212,146.7498
-36.9227,146.7376
-36.9243,146.7247
-36.9258,146.7125
-36.9273,146.7002
-36.9288,146.6882
-36.9303,146.6762
-36.9318,146.6641
-36.9333,146.6523
-36.7492,148.0095
-36.7507,147.9981
-36.7538,147.9756
-36.7554,147.9642
-36.757,147.9525
-36.7586,147.941
-36.7601,147.9296
-36.7617,147.9182
-36.7633,147.9067
-36.7648,147.8953
-36.9104,146.7915
-36.9152,146.7546
-36.9167,146.7426
-36.9184,146.7296
-36.923,146.6928
-36.9245,146.6812
-36.926,146.6689
-36.9275,146.657
-36.7447,147.9736
-36.7463,147.9621
-36.7479,147.9506
-36.7495,147.9391
-36.751,147.9277
-36.7526,147.9164
-36.7542,147.9048
-36.7557,147.8935
-36.7572,147.8821
-36.9089,146.7281
-36.9105,146.7154
-36.9121,146.7029
-36.9136,146.6912
-36.9196,146.643
-36.7372,147.9603
-36.7388,147.9489
-36.7403,147.9373
-36.7419,147.9259
-36.7435,147.9144
-36.745,147.903
-36.7466,147.8916
-36.7482,147.8801
-36.7497,147.8686
-36.7512,147.8574
-36.9011,146.7137
-36.9027,146.7011
-36.9042,146.6893
-36.9087,146.6532
-36.9102,146.6411
-36.7281,147.9583
-36.7297,147.9469
-36.7313,147.9354
-36.7328,147.9239
-36.7344,147.9124
-36.7359,147.901
-36.7375,147.8896
-36.7391,147.8781
-36.7406,147.8667
-36.7421,147.8556
-36.7436,147.8445
-36.8932,146.6996
-36.8948,146.6872
-36.8978,146.6633
-36.8993,146.6514
-36.9008,146.6393
-36.7175,147.9677
-36.7191,147.9563
-36.7206,147.9449
-36.7222,147.9334
-36.7238,147.9219
-36.7253,147.9104
-36.7269,147.899
-36.7284,147.8876
-36.73,147.8762
-36.7315,147.8648
-36.733,147.8537
-36.7345,147.8425
-36.8854,146.6854
-36.8868,146.6736
-36.8884,146.6615
-36.7131,147.9314
-36.7147,147.9199
-36.7162,147.9084
-36.7178,147.8971
-36.7193,147.8856
-36.7209,147.8742
-36.7224,147.863
-36.7239,147.8518
-36.7056,147.9179
-36.7071,147.9065
-36.7087,147.8951
-36.7102,147.8836
-36.7118,147.8723
-36.7133,147.8611
-36.7148,147.8498
-36.6965,147.916
-36.698,147.9049
-36.7027,147.8703
-36.7042,147.8591
-36.6889,147.903
-36.6798,147.9011
-36.686,147.8555
-36.6875,147.844
-36.6721,147.9057
-36.6783,147.8603
-36.6799,147.8487
-36.6677,147.8697
-36.657,147.8792
-36.6586,147.8677
-36.648,147.8771
-36.6405,147.8634
-36.6421,147.852
-36.6314,147.8617
-36.6329,147.8501
-36.7736,146.7738
-36.7752,146.7616
-36.7768,146.7489
-36.6223,147.8597
-36.6238,147.8481
-36.6254,147.8366
-36.7658,146.7599
-36.7674,146.7473
-36.6148,147.8462
-36.6163,147.8348
-36.6178,147.8237
-36.6056,147.8444
-36.5965,147.8426
-36.5879,147.846
-36.5343,148.0332
-36.5653,147.8058
-36.5668,147.7946
-36.5221,148.0538
-36.5237,148.0424
-36.5562,147.8041
-36.5577,147.7928
-36.513,148.0518
-36.5146,148.0403
-36.5471,147.8022
-36.5486,147.7909
-36.5502,147.7793
-36.5395,147.7889
-36.5411,147.7774
-36.5426,147.7658
-36.5442,147.7542
-36.5335,147.7639
-36.5351,147.7523
-36.5366,147.7407
-36.5183,147.8076
-36.5244,147.7619
-36.526,147.7504
-36.5275,147.7387
-36.5291,147.7274
-36.5306,147.7159
-36.5077,147.8168
-36.5092,147.8057
-36.5153,147.7598
-36.5169,147.7483
-36.5184,147.7369
-36.5199,147.7256
-36.5215,147.7141
-36.5063,147.7759
-36.5079,147.7644
-36.5094,147.7529
-36.511,147.7415
-36.5125,147.7302
-36.5141,147.7188
-36.5156,147.7073
-36.4941,147.797
-36.4956,147.7855
-36.4972,147.7739
-36.4987,147.7626
-36.5003,147.7512
-36.5019,147.7397
-36.5034,147.7283
-36.5049,147.717
-36.5065,147.7056
-36.4865,147.7835
-36.4881,147.7721
-36.4896,147.7608
-36.4912,147.7493
-36.4943,147.7265
-36.4973,147.704
-36.4989,147.6924
-36.7636,145.5981
-36.7653,145.584
-36.479,147.7702
-36.4805,147.7589
-36.4821,147.7474
-36.4836,147.736
-36.4851,147.7247
-36.7538,145.596
-36.4699,147.7683
-36.4714,147.757
-36.4729,147.7456
-36.4745,147.7341
-36.476,147.7229
-36.4775,147.7117
-36.4345,147.9594
-36.4592,147.7779
-36.4607,147.7664
-36.4623,147.7551
-36.4638,147.7438
-36.4653,147.7324
-36.4669,147.7211
-36.4286,147.9346
-36.4301,147.9234
-36.4332,147.9008
-36.4347,147.8894
-36.4485,147.7875
-36.4501,147.776
-36.4516,147.7646
-36.4532,147.7531
-36.4547,147.7417
-36.4562,147.7304
-36.4195,147.9327
-36.421,147.9213
-36.4241,147.8989
-36.4256,147.8876
-36.4395,147.7854
-36.441,147.7739
-36.4426,147.7625
-36.4441,147.751
-36.4456,147.7396
-36.4471,147.7284
-36.4165,147.8856
-36.4319,147.7718
-36.4335,147.7603
-36.435,147.749
-36.4365,147.7378
-36.438,147.7266
-36.4228,147.7697
-36.4244,147.7584
-36.4259,147.7472
-36.4289,147.7246
-36.4159,147.7617
-36.4174,147.7505
-36.4189,147.7393
-36.4098,147.7375
-36.4114,147.7261
-36.3576,147.9826
-36.3778,147.8353
-36.3687,147.8334
-36.2879,147.9622
-36.2895,147.9509
-36.2788,147.9603
-36.2804,147.9489
-36.3022,147.7209
-36.2915,147.7303
-36.2931,147.7189
-36.284,147.7169
-36.2764,147.7034
-36.2779,147.6922
-36.2673,147.7016
-36.2688,147.6901
-36.2704,147.6789
-36.2582,147.6997
-36.2597,147.6882
-36.2612,147.677
-36.2491,147.6976
-36.2506,147.6863
-36.2521,147.6751
-36.6502,144.3242
-36.2437,147.6783
-36.6451,144.3166
-36.137,147.9119
-36.1279,147.9101
-36.1647,147.6382
-36.1202,147.9143
-36.1217,147.9032
-36.1233,147.892
-36.1248,147.8806
-36.1573,147.6429
-36.1589,147.6316
-36.1604,147.6203
-36.1096,147.9236
-36.1111,147.9124
-36.1126,147.9012
-36.1142,147.89
-36.1158,147.8786
-36.1174,147.8672
-36.1482,147.6411
-36.1497,147.6297
-36.1513,147.6185
-36.1005,147.9216
-36.102,147.9104
-36.1036,147.8993
-36.1051,147.888
-36.1067,147.8766
-36.1083,147.8652
-36.1421,147.6167
-36.093,147.9085
-36.0945,147.8973
-36.0961,147.8859
-36.0976,147.8746
-36.0992,147.8632
-36.0839,147.9065
-36.0854,147.8954
-36.087,147.8839
-36.078,147.8818
-36.1102,147.575
-36.0613,147.867
-36.0628,147.8557
-36.0644,147.8445
-36.098,147.5959
-36.0996,147.5845
-36.1011,147.573
-36.0507,147.8762
-36.0522,147.8651
-36.0538,147.8538
-36.0553,147.8425
-36.0568,147.8314
-36.0889,147.5939
-36.0905,147.5825
-36.092,147.5709
-36.0462,147.8407
-36.0477,147.8295
-36.0798,147.5919
-36.0813,147.5806
-36.0829,147.569
-36.0844,147.5574
-36.0375,147.844
-36.039,147.8329
-36.0284,147.8422
-37.7262,149.0552
-37.6735,149.1797
-37.6731,149.173
-37.6458,149.1154
-37.6505,149.0932
-37.6329,148.991
-37.665,148.8394
-37.6696,148.8176
-37.6161,149.009
-37.6208,148.9869
-37.6392,148.9003
-37.6473,148.7412
-37.6518,148.7198
-37.6151,149.003
-37.6566,148.7392
-37.4698,149.1937
-37.4226,149.3496
-37.4527,149.2115
-37.4574,149.1898
-37.4363,149.3473
-37.4654,149.209
-37.47,149.1874
-37.4188,149.3667
-37.4239,149.343
-37.453,149.2052
-37.3734,149.4536
-37.4007,149.0179
-37.3956,149.0335
-37.3701,149.0927
-37.3747,149.0706
-37.3792,149.0492
-37.3833,149.0298
-37.3132,149.298
-37.3182,149.2745
-37.3232,149.251
-37.3426,149.16
-37.3622,149.0678
-37.3666,149.0468
-37.3711,149.0258
-37.2957,149.3173
-37.3009,149.2931
-37.4717,148.4827
-37.3471,149.0152
-37.3524,148.99
-37.4556,148.4997
-37.4601,148.4777
-37.3302,149.0327
-37.3351,149.0097
-37.4482,148.4745
-37.3186,149.0258
-37.432,148.4915
-37.4362,148.4713
-37.33,149.025
-37.3346,149.0029
-37.3133,149.0422
-37.3182,149.0186
-37.4242,148.5046
-37.4284,148.4842
-37.3334,148.0909
-37.0445,148.0455
-37.0514,148.0407
-37.0396,148.038
-37.2697,146.5638
-37.2451,146.5746
-37.0462,147.0563
-37.0498,147.038
-37.0529,147.0216
-37.0564,147.0032
-37.0597,146.986
-36.913,146.9032
-36.9021,146.8999
-36.9105,146.9139
-36.9134,146.8984
-36.8993,146.9121
-36.8982,146.8572
-36.9018,146.8383
-36.6256,148.1148
-36.6296,148.0954
-36.6335,148.0764
-36.6378,148.0552
-36.6423,148.0332
-36.6113,148.0016
-36.834,146.7052
-36.8232,146.7015
-36.8263,146.6855
-36.8153,146.6828
-36.8014,146.6958
-36.8044,146.6803
-36.4461,147.8962
-36.3669,147.8266
-36.3755,147.7845
-36.3796,147.7645
-36.3638,147.7811
-36.3704,147.7774
-36.3545,147.7951
-36.3585,147.775
-36.1599,147.9856
-36.1432,147.6107
-36.095,147.5698
-36.024,147.799
-36.0041,147.8349
-36.0084,147.8139
-36.0122,147.7952
-36.1385,147.6128
-36.2216,147.6789
-36.6155,147.9858
-36.6175,147.9975
-36.5941,147.8042
-37.2505,149.2486
-37.2524,149.2603
-37.2543,149.2722
-37.2504,149.1888
-37.2523,149.2003
-37.2541,149.2117
-37.2559,149.2232
-37.2615,149.2581
-37.2634,149.2698
-37.2595,149.1864
-37.2614,149.198
-37.2632,149.2094
-37.2649,149.1605
-37.2668,149.1725
-37.2687,149.1842
-37.2705,149.1956
-37.2723,149.207
-37.289,149.3115
-37.2908,149.323
-37.2759,149.1702
-37.2778,149.1819
-37.2796,149.1933
-37.2814,149.2047
-37.2981,149.3092
-37.285,149.1679
-37.2869,149.1795
-37.2888,149.1911
-37.2906,149.2025
-37.3054,149.2953
-37.3072,149.307
-37.2904,149.1418
-37.2923,149.1536
-37.2941,149.1654
-37.296,149.1772
-37.2979,149.1888
-37.2997,149.2001
-37.3126,149.2816
-37.3145,149.2931
-37.2995,149.1395
-37.3014,149.1512
-37.3033,149.1632
-37.3052,149.1749
-37.307,149.1864
-37.3088,149.1978
-37.3125,149.221
-37.3144,149.233
-37.3199,149.2678
-37.3218,149.2793
-37.3236,149.2909
-37.3527,149.4754
-37.3545,149.4868
-37.3563,149.4983
-37.3581,149.5098
-37.3599,149.5213
-37.3068,149.1257
-37.3087,149.1372
-37.3105,149.1489
-37.3143,149.1723
-37.3161,149.184
-37.318,149.1955
-37.3216,149.2187
-37.3235,149.2306
-37.3254,149.2422
-37.3272,149.2538
-37.329,149.2655
-37.3309,149.277
-37.36,149.4616
-37.3618,149.4731
-37.3636,149.4845
-37.3654,149.496
-37.3672,149.5076
-37.3689,149.519
-37.3707,149.5306
-37.2495,148.7106
-37.316,149.1235
-37.3178,149.135
-37.3234,149.17
-37.3308,149.2164
-37.3326,149.2282
-37.3345,149.2399
-37.3363,149.2516
-37.3672,149.4478
-37.369,149.4593
-37.3744,149.4938
-37.378,149.5168
-37.3096,149.0461
-37.3227,149.1272
-37.3376,149.2201
-37.3395,149.2319
-37.3414,149.2436
-37.3726,149.4397
-37.3745,149.4512
-37.3187,149.0435
-37.3205,149.0549
-37.33,149.1135
-37.3318,149.125
-37.3375,149.16
-37.3393,149.1715
-37.3799,149.4262
-37.3817,149.4375
-37.3835,149.449
-37.4124,149.6326
-37.4178,149.667
-37.4213,149.6899
-37.3259,149.0296
-37.3278,149.0409
-37.3466,149.1576
-37.3485,149.1692
-37.354,149.2038
-37.3872,149.4125
-37.389,149.4239
-37.3908,149.4353
-37.4321,149.699
-37.3332,149.0156
-37.3351,149.027
-37.3501,149.1206
-37.352,149.132
-37.3557,149.1553
-37.3576,149.1668
-37.3945,149.3988
-37.3963,149.4102
-37.3981,149.4216
-37.4377,149.674
-37.4518,149.7654
-37.4536,149.7768
-37.4554,149.7882
-37.4571,149.7996
-37.3404,149.0012
-37.3423,149.0128
-37.3442,149.0245
-37.3537,149.0837
-37.3557,149.0957
-37.363,149.1412
-37.3722,149.1992
-37.4036,149.3965
-37.4054,149.4079
-37.4271,149.5459
-37.4626,149.7746
-37.4644,149.7861
-37.4662,149.7974
-37.4679,149.8088
-37.3497,148.9993
-37.3609,149.0692
-37.3629,149.0814
-37.3648,149.0933
-37.3666,149.1047
-37.3721,149.1389
-37.387,149.2325
-37.3889,149.2444
-37.4108,149.3827
-37.4127,149.3943
-37.4307,149.5091
-37.4361,149.5436
-37.3663,149.0432
-37.3682,149.0553
-37.3701,149.0672
-37.372,149.0791
-37.3757,149.1021
-37.4163,149.3572
-37.4181,149.3688
-37.4199,149.3804
-37.486,149.8044
-37.3642,148.9713
-37.3735,149.029
-37.3754,149.041
-37.3774,149.0532
-37.4254,149.355
-37.4272,149.3666
-37.3827,149.0266
-37.3846,149.0387
-37.3865,149.0509
-37.4327,149.3412
-37.4345,149.3528
-37.4417,149.399
-37.3918,149.0243
-37.3937,149.0363
-37.4197,149.1995
-37.4418,149.339
-37.4436,149.3506
-37.449,149.3852
-37.4508,149.3967
-37.3999,149.0287
-37.4466,149.3199
-37.4485,149.3315
-37.4557,149.3176
-37.4482,149.211
-37.4501,149.2227
-37.4612,149.2922
-37.4886,149.4653
-37.4555,149.1969
-37.4573,149.2088
-37.4592,149.2205
-37.4684,149.2784
-37.4703,149.29
-37.4646,149.1947
-37.4665,149.2065
-37.4794,149.2877
-37.5012,149.2462
-37.503,149.2578
-37.5103,149.2439
-37.5249,149.3366
-37.5194,149.2416
-37.5322,149.3228
-37.534,149.3344
-37.5359,149.3461
-37.5395,149.3263
-37.5467,149.3125
-37.5486,149.3241
-37.5504,149.3357
-37.541,149.2173
-37.5429,149.229
-37.5558,149.3102
-37.5577,149.3218
-37.5595,149.3335
-37.5571,149.0799
-37.5883,149.1571
-37.5975,149.1548
-37.5993,149.1664
-37.6012,149.178
-37.6058,149.159
-37.6077,149.1706
-37.6149,149.1568
-37.6241,149.1544
-37.6315,149.201
-37.6089,149.0005
-37.6107,149.0121
-37.6332,149.1521
-37.618,148.9979
-37.6199,149.0096
-37.6367,149.1148
-37.6405,149.1383
-37.6479,149.1848
-37.6497,149.1964
-37.6516,149.2081
-37.6271,148.9956
-37.644,149.1009
-37.6459,149.1126
-37.6477,149.1242
-37.6496,149.136
-37.657,149.1825
-37.6588,149.1942
-37.6607,149.2059
-37.6344,148.9816
-37.6531,149.0986
-37.655,149.1104
-37.6661,149.1803
-37.668,149.192
-37.6698,149.2036
-37.6622,149.0962
-37.6641,149.1079
-37.6734,149.1664
-37.6752,149.1781
-37.7009,149.2805
-37.6879,149.1385
-37.693,149.1304
-37.6949,149.1421
-37.7021,149.128
-37.7316,149.2537
-36.6623,146.5911
-36.6639,146.6044
-36.7532,146.6803
-36.9687,146.6994
-36.9014,146.9177
-36.903,146.9065
-36.9327,146.6213
-36.8183,146.7191
-36.8115,146.7113
-36.8024,146.7093
-36.7934,146.7073
-36.7843,146.7053
-36.7859,146.694
-36.7768,146.692
-36.7649,146.6429
-36.7496,146.6861
-36.7512,146.6749
-36.7558,146.6409
-36.7574,146.6295
-36.6615,146.5914
-36.6631,146.58
-36.6524,146.5894
-36.654,146.578
-36.6555,146.5666
-36.6441,146.593
-36.6457,146.5816
-36.6472,146.5703
-36.6366,146.5797
-36.6382,146.5683
-36.6291,146.5663
-36.37,147.8088
-36.0008,147.8152
-36.6222,146.5667
-36.6367,146.5613
-36.645,146.5964
-36.6301,146.5975
-36.636,146.5569
-36.6445,146.5919
-37.055,148.0345
-36.6755,146.5689
-36.6528,146.5884
-36.6548,146.5764
-36.6567,146.5643
-36.6434,146.586
-36.6454,146.574
-36.6474,146.5619
-36.638,146.5594
-36.3701,147.8282
-36.3726,147.8143
-36.3602,147.8255
-36.318,147.7125
-36.2827,147.6835
-36.2851,147.6697
-36.0012,147.8182
-37.3917,149.0175
-37.3868,149.0107
-36.285,147.6761
-36.6358,146.5683
-36.6448,146.5663
-36.9068,146.595
-36.9792,146.7236
-37.019,147.0071
-37.1696,147.5033
-37.3812,149.0184
-37.3828,149.0313
-37.3925,149.0295
-37.5175,149.2316
-37.5131,147.5231
-37.467,149.8076
-37.4248,149.675
-37.4571,149.2956
-37.3682,149.2179
-37.3701,149.2065
-37.3607,149.2215
-37.3625,149.2101
-37.3365,149.3138
-37.3384,149.302
-37.344,149.2663
-37.3459,149.2546
-37.3533,149.2078
-37.3064,149.4427
-37.3273,149.3114
-37.3181,149.3092
-37.2855,149.1535
-37.2698,149.1561
-36.86,146.7611
-36.8616,146.7496
-36.6124,148.091
-36.6033,148.0887
-36.5943,148.0866
-36.7385,146.6346
-36.447,147.7141
-36.3724,147.7265
-36.3567,147.7693
-36.3584,147.758
-36.3715,147.7225
-36.2546,147.9604
-36.3552,147.7321
-36.359,147.7555
-36.3681,147.7531
-36.392,147.7238
-36.6102,148.0536
-36.7298,146.5845
-36.7318,146.5965
-36.7509,146.7088
-37.4923,149.1874
-37.4898,149.1831
-37.7436,149.2291
-37.7331,149.2273
-37.7347,149.2119
-37.7225,149.2259
-37.7119,149.2242
-37.7136,149.2086
-37.6998,149.238
-37.7014,149.2224
-37.703,149.2068
-37.5802,149.3078
-37.5818,149.2921
-37.5835,149.2764
-37.573,149.2746
-37.5753,149.3011
-37.577,149.2854
-37.5787,149.2697
-37.5327,149.1987
-37.4906,149.1921
-37.4845,149.2008
-37.4705,149.2309
-37.4584,149.2448
-37.4036,149.3606
-37.397,149.2188
-37.5058,147.4882
-36.9213,146.9397
-36.9151,146.5746
-36.923,146.5907
-36.9248,146.5702
-36.6027,148.0712
-36.6029,148.0655
-36.5772,148.0962
-36.4036,147.6639
-36.3647,147.7114
-36.3665,147.7054
-36.3535,147.7208
-37.7177,149.2086
-37.7307,149.2571
-37.7179,149.2047
-37.7312,149.2528
-37.586,149.2848
-37.5945,149.2763
-37.7171,149.1896
-37.7194,149.2293
-37.7352,149.229
-37.7135,149.2246
-37.7294,149.224
-37.3754,149.4147
-37.4078,149.2264
-37.595,149.2879
-37.7352,149.0867
-37.7367,149.0748
-37.7383,149.0628
-37.709,148.9954
-37.6982,148.9631
-37.703,148.853
-37.7045,148.841
-37.6921,148.8631
-37.6937,148.8511
-37.6797,148.8854
-37.6813,148.8733
-37.6503,148.9659
-37.5994,149.2838
-37.4839,149.1993
-37.4855,149.1874
-37.4747,149.1974
-37.4763,149.1855
-37.4454,149.2757
-37.43,149.3207
-37.4316,149.3091
-37.4163,149.3535
-37.4055,149.3633
-37.4071,149.3516
-37.3917,149.3964
-37.4149,149.2211
-37.3795,149.4176
-37.3903,149.2091
-37.3919,149.1973
-37.3811,149.2071
-37.3672,149.2411
-37.3503,149.2972
-37.3518,149.2856
-37.3534,149.2742
-37.358,149.2392
-37.3396,149.307
-37.3181,149.3977
-37.3197,149.386
-37.3073,149.4079
-37.3089,149.396
-37.3105,149.3841
-37.3136,149.361
-37.3044,149.359
-37.306,149.3475
-37.3075,149.336
-37.309,149.3245
-37.346,149.043
-37.3116,149.1154
-37.2932,149.1119
-37.2579,149.1644
-37.2595,149.1524
-37.7389,149.1939
-37.7426,149.1752
-37.7314,149.1716
-37.7492,149.0813
-37.7309,149.1141
-37.7345,149.0958
-37.7452,149.0416
-37.6879,148.978
-37.6914,148.9599
-37.7011,148.85
-37.4502,149.2378
-37.431,149.2137
-37.4346,149.1955
-37.378,149.4173
-37.4131,149.243
-37.4162,149.2273
-37.4197,149.2099
-37.4085,149.2061
-37.3451,149.2982
-37.2884,149.113
-37.277,149.1103
-37.5638,147.4905
-37.5509,147.5017
-37.5535,147.4873
-37.5407,147.4984
-37.4994,147.5117
-36.9584,146.6124
-36.948,146.618
-36.7417,146.7271
-36.7439,146.7147
-36.7442,146.7226
-36.7364,146.7077
-36.7386,146.6954
-36.6398,148.1046
-37.3131,149.3971
-37.2744,149.112
-37.2766,149.1246
-37.3269,149.4193
-37.3297,149.4129
-37.3263,149.3355
-37.3079,149.0571
-37.3795,149.4135
-37.451,149.8367
-37.4583,149.8217
-37.3277,148.9967
-37.3344,149.0355
-37.3366,149.0483
-37.344,149.0324
-37.4015,149.3678
-37.4021,149.242
-37.4068,149.2118
-37.4116,149.2392
-37.4138,149.252
-37.4269,149.3276
-37.4163,149.209
-37.4186,149.222
-37.4298,149.2867
-37.4258,149.2062
-37.4371,149.2711
-37.4423,149.2439
-37.454,149.2534
-37.6429,148.966
-37.657,148.9893
-37.6835,148.9681
-37.6858,148.981
-37.6795,148.8864
-37.7312,149.1862
-37.7334,149.1989
-37.6799,148.8309
-37.7252,149.0928
-37.7274,149.1057
-37.7296,149.1186
-37.7385,149.1706
-37.7407,149.1835
-37.6942,148.8545
-37.7347,149.0901
-37.7369,149.1031
-37.6938,148.8478
-37.7354,149.0832
-37.7376,149.0961
-37.7381,149.0415
-37.7427,149.0676
-37.7449,149.0806
-37.7472,149.0935
-37.7477,149.0389
-37.5042,147.521
-37.5453,147.5083
-37.5508,147.5008
-37.5477,147.484
-37.5493,147.4971
-37.5128,148.124
-37.5182,148.0993
-37.5838,147.4876
-37.5593,147.479
-37.732,149.1514
-37.7332,149.1457
-37.7184,149.1694
-37.7056,149.1674
-37.6818,148.9676
-37.682,148.9854
-37.684,148.9613
-37.7,148.7603
-37.5755,147.4807
-37.5727,147.4735
-37.5584,147.4724
-37.5009,148.1117
-37.5029,148.0836
-37.544,147.4717
-37.4891,148.0829
-37.5298,147.47
-37.4848,147.4989
-37.5268,147.4644
-37.4818,147.4923
-37.3809,148.1498
-37.2739,149.0907
-37.3186,147.2836
-37.3202,147.2575
-37.3167,147.2784
-37.3183,147.2533
-36.8458,148.0952
-36.8389,148.0868
-36.718,146.705
-36.7274,146.6885
-36.7289,146.7036
-36.7304,146.7185
-36.9179,146.5607
-37.237,149.1499
-37.4242,149.239
-37.2785,147.3179
-37.4669,147.5139
-37.4767,147.4932
-37.4784,147.5116
-37.4854,147.5035
-37.5284,147.4605
-37.5302,147.4794
-37.5417,147.4774
-37.5534,147.4763
-37.6855,148.9719
-37.7011,149.1651
-37.7141,149.1637
-37.716,149.1879
-37.727,149.1621
-37.7128,149.1593
-37.7146,149.1833
-37.7258,149.1577
-36.9458,147.4161
-36.9352,147.4145
-36.9686,146.6056
-36.8425,146.9045
-36.3626,147.6753
-36.3414,147.6684
-36.3031,147.6928
-36.7105,146.6984
-36.6943,146.6951
-36.7032,146.6916
-36.6871,146.6875
-36.6846,146.6902
-36.6861,146.7019
-36.694,146.6884
-36.6955,146.7
-36.7033,146.6865
-36.7127,146.6846
-36.722,146.6827
-37.0323,146.7704
-37.032,146.7636
-37.0289,146.7566
-36.9658,146.6432
-36.9684,146.5863
-36.7007,146.7247
-36.707,146.6734
-36.6914,146.7218
-36.6797,146.7001
-36.9989,146.6593
-36.9843,146.6045
-36.5996,141.0693
-37.4274,149.2595
-37.378,149.2919
-37.2471,149.1264
-37.7016,148.9334
-37.6907,148.9427
-37.6797,148.9521
-37.6815,148.9404
-37.7072,148.9213
-37.6943,148.933
-37.697,148.9182
-37.6814,148.9447
-37.6841,148.9298
-37.6753,148.9359
-37.2539,149.1264
-37.2802,149.0871
-37.3273,149.0651
-37.6771,148.9366
-37.2443,149.0783
-37.2852,149.0543
-37.3805,149.3642
-37.382,149.3526
-37.3836,149.3408
-37.3882,149.3063
-37.509,148.0513
-37.5012,148.052
-37.2348,149.111
-37.2205,149.1078
-37.2302,149.1054
-37.2324,149.118
-37.2325,149.1112
-37.2348,149.1245
-37.3474,149.4282
-36.9913,148.2014
-37.3891,148.9068
-37.3564,148.9231
-37.3621,148.8983
-37.343,148.9186
-37.2851,149.0434
-37.5084,148.0605
-37.3501,148.915
-37.2803,149.0323
-37.2536,149.0855
-37.26,149.0574
-37.2402,149.0798
-37.2196,149.1057
-37.2269,149.0737
-37.2063,149.0996
-37.2135,149.0684
-37.2165,149.099
-37.2237,149.067
-37.2032,149.0928
-37.2101,149.0623
-37.6107,148.7245
-37.3811,149.3613
-37.3882,149.2736
-37.39,149.2504
-37.4516,148.0564
-37.4446,148.0495
-37.3532,148.8998
-37.3401,148.9002
-37.3271,148.9005
-37.314,148.9016
-37.2774,149.042
-37.3138,148.9188
-37.3157,148.8964
-37.2782,149.0371
-37.2617,149.0815
-37.2489,149.0805
-37.2508,149.0575
-37.2527,149.0333
-37.2362,149.0792
-37.2379,149.0573
-37.2234,149.0785
-37.2106,149.077
-37.2124,149.0538
-37.2015,149.028
-37.1888,149.0257
-37.1906,149.002
-37.2092,149.0922
-37.211,149.0706
-37.213,149.0471
-37.2002,149.0451
-37.2022,149.0213
-37.1875,149.0433
-37.1895,149.0191
-37.1748,149.0415
-37.1767,149.0174
-37.1621,149.0396
-37.1844,149.0355
-37.1972,149.0336
-37.201,149.0808
-37.2138,149.0791
-37.2266,149.0778
-37.2288,149.1043
-37.2503,149.0514
-37.2523,149.0751
-37.2502,149.0469
-37.252,149.0701
-37.2757,149.0441
-37.3961,149.266
-37.4511,148.0675
-37.6548,148.9175
-37.6193,148.7308
-37.3815,149.2794
-37.4807,148.065
-37.4825,148.0464
-37.4713,148.0448
-37.4583,148.061
-37.46,148.0436
-37.3535,148.8866
-37.4565,147.8403
-37.4448,147.4916
-37.2672,149.0443
-37.4234,147.4686
-37.2566,149.0426
-37.246,149.0414
-37.2103,149.0311
-37.2015,149.0133
-37.2032,148.9975
-37.1893,149.027
-37.191,149.0113
-37.1926,148.9958
-37.1788,149.0251
-37.1804,149.0096
-37.1561,149.0371
-37.2334,148.1605
-37.2352,148.1427
-37.2367,148.1268
-37.224,148.1411
-37.2257,148.1237
-37.2272,148.1076
-37.2146,148.1216
-37.2161,148.1053
-37.2238,148.1338
-37.2254,148.1171
-37.2144,148.1149
-37.097,148.0466
-37.0986,148.0302
-37.1003,148.012
-37.0892,148.0105
-37.0909,147.9922
-37.6504,148.9423
-37.6525,148.9295
-37.6451,148.9141
-37.6341,148.6837
-37.6024,148.7542
-37.6046,148.7413
-37.6089,148.7159
-37.6003,148.7476
-37.6066,148.7095
-37.5762,148.714
-37.3783,149.3935
-37.359,149.4458
-37.3637,149.4188
-37.3661,149.4047
-37.3685,149.3909
-37.3709,149.377
-37.3943,149.2414
-37.3515,149.4298
-37.354,149.4155
-37.3565,149.4014
-37.3611,149.3744
-37.3635,149.3605
-37.3539,149.3572
-37.3176,149.4473
-37.32,149.4341
-37.3685,148.967
-37.3707,148.9541
-37.373,148.9405
-37.3792,148.9039
-37.3813,148.8909
-37.3836,148.8775
-37.3611,148.9512
-37.3634,148.9379
-37.3696,148.9014
-37.3718,148.8882
-37.3741,148.8745
-37.3494,148.9613
-37.3516,148.9481
-37.3538,148.9353
-37.3623,148.8852
-37.3213,149.0083
-37.4815,148.0445
-37.3072,149.0318
-37.3118,149.0053
-37.4703,148.0542
-37.4722,148.042
-37.4742,148.0297
-37.2953,149.0425
-37.2976,149.0289
-37.461,148.0516
-37.463,148.0394
-37.2811,149.0665
-37.2858,149.0394
-37.2881,149.0258
-37.2904,149.0122
-37.4517,148.049
-37.4537,148.0368
-37.267,149.0897
-37.2715,149.0636
-37.2762,149.0365
-37.2785,149.023
-37.2809,149.0093
-37.2641,149.0965
-37.2664,149.083
-37.2708,149.057
-37.2753,149.0298
-37.2776,149.016
-37.4088,148.2219
-37.2612,149.0542
-37.2634,149.041
-37.2657,149.0272
-37.268,149.0133
-37.2702,149.0003
-37.4597,147.8441
-37.2516,149.051
-37.2538,149.0383
-37.2561,149.0243
-37.2584,149.0108
-37.2606,148.9978
-37.2628,148.985
-37.4486,147.8535
-37.4505,147.8418
-37.2398,149.0607
-37.242,149.048
-37.2442,149.0351
-37.2465,149.0216
-37.2488,149.0082
-37.251,148.9954
-37.2532,148.9824
-37.2302,149.0581
-37.2324,149.0452
-37.2347,149.0318
-37.2369,149.0188
-37.2391,149.0057
-37.2413,148.9928
-37.2435,148.9799
-37.2458,148.9668
-37.4864,147.493
-37.4882,147.4814
-37.2205,149.0556
-37.2228,149.0426
-37.225,149.0293
-37.2273,149.0161
-37.2295,149.0032
-37.2317,148.9903
-37.2339,148.9774
-37.2131,149.04
-37.2154,149.0266
-37.2177,149.0135
-37.2198,149.0008
-37.222,148.9879
-37.2243,148.9749
-37.4663,147.5
-37.4681,147.4883
-37.2057,149.0243
-37.208,149.0113
-37.2102,148.9984
-37.2124,148.9854
-37.2147,148.9722
-37.4571,147.4977
-37.459,147.486
-37.4608,147.4744
-37.2028,148.9826
-37.2052,148.969
-37.4461,147.5073
-37.448,147.4953
-37.4498,147.4836
-37.4517,147.4718
-37.1909,148.9931
-37.1933,148.9796
-37.4389,147.4927
-37.4407,147.4811
-37.4425,147.4695
-37.1901,148.9869
-37.4352,147.4741
-37.437,147.4625
-37.426,147.4717
-37.4278,147.4602
-37.4169,147.4695
-37.4187,147.4579
-37.2433,148.1337
-37.2453,148.1213
-37.2395,148.1259
-37.2414,148.1137
-37.2301,148.1239
-37.2321,148.1113
-37.2341,148.0989
-37.2227,148.1092
-37.2248,148.0965
-37.2134,148.1068
-37.1042,148.0314
-37.0928,148.0413
-37.0968,148.0169
-37.0988,148.005
-37.0835,148.0388
-37.0855,148.0267
-37.0895,148.0025
-37.0801,148.0004
-37.0739,148.0057
-37.0759,147.9933
-36.95,148.2282
-36.9521,148.2158
-36.9542,148.2033
-36.9487,148.209
-36.9493,148.1454
-36.9381,148.1547
-36.6765,147.8181
-36.6785,147.8058
-36.6804,147.7942
-36.6672,147.8159
-36.6691,147.804
-36.6711,147.7921
-36.656,147.8253
-36.6579,147.8135
-36.6599,147.8014
-36.6619,147.7892
-36.6639,147.7769
-36.6467,147.8228
-36.6486,147.8111
-36.6506,147.7989
-36.6527,147.7861
-36.6547,147.7737
-36.6425,147.8163
-36.6445,147.8039
-36.6464,147.7919
-36.6484,147.779
-36.6503,147.7669
-36.6313,147.8257
-36.6333,147.8132
-36.6353,147.8009
-36.6371,147.7895
-36.6391,147.7769
-36.6221,147.8226
-36.6241,147.81
-36.626,147.7985
-36.6278,147.787
-36.6298,147.7746
-36.6318,147.7622
-36.6149,147.8074
-36.6167,147.7961
-36.6186,147.7843
-36.6206,147.7722
-36.6225,147.7599
-36.6075,147.7934
-36.6094,147.7816
-36.6113,147.7697
-36.6132,147.7576
-36.6001,147.779
-36.602,147.7673
-36.5339,148.0658
-36.6085,147.7922
-36.6134,147.8151
-36.6158,147.7644
-36.6204,147.7859
-36.6254,147.8096
-36.6295,147.8288
-36.6326,147.781
-36.6373,147.8034
-36.6417,147.824
-36.6453,147.7786
-36.6493,147.7975
-36.6539,147.8192
-36.614,147.7571
-36.6187,147.7789
-36.6239,147.8024
-36.6283,147.8227
-36.6312,147.775
-36.6358,147.7963
-36.6404,147.8173
-36.6438,147.7722
-36.648,147.7916
-36.6524,147.8119
-36.6603,147.787
-36.6646,147.8073
-37.1997,149.0175
-37.2036,149.0365
-37.2112,149.0145
-37.215,149.0333
-37.2188,149.052
-37.2186,148.9915
-37.2226,149.0113
-37.2264,149.03
-37.2301,149.0484
-37.23,148.9882
-37.2339,149.0076
-37.2377,149.0264
-37.2413,149.0444
-37.2414,148.9847
-37.2453,149.0043
-37.2752,149.0333
-37.3527,149.4274
-37.3563,149.4456
-37.2513,148.9947
-37.2667,149.0105
-37.2702,149.0278
-37.3501,149.4215
-37.3536,149.4391
-37.2816,149.0248
-37.2851,149.042
-37.3611,149.4181
-37.2963,149.038
-37.3619,149.3634
-37.3654,149.3806
-37.3688,149.3975
-37.3417,148.964
-37.3494,148.9424
-37.353,148.9606
-37.35,148.9565
-37.3537,148.9748
-37.3573,148.9331
-37.3611,148.9521
-37.3649,148.9707
-37.3603,148.8886
-37.3725,148.9484
-37.376,148.9659
-37.3716,148.8848
-37.3753,148.903
-37.2228,148.1045
-37.2269,148.124
-37.383,148.8813
-37.3868,148.8997
-37.2392,148.122
-37.5939,148.7603
-37.5995,148.7512
-37.4645,148.045
-37.4689,148.0659
-37.6716,148.8072
-37.4099,147.4818
-37.6796,148.7989
-37.4107,147.476
-37.4524,147.4851
-36.61,147.797
-36.6116,147.8082
-36.6401,147.8184
-36.6425,147.7717
-36.6515,147.7697
-36.9479,148.2243
-37.2151,148.1069
-37.3598,148.8798
-37.369,148.878
-37.4449,147.4658
-37.4466,147.477
-37.3744,149.4009
-37.3671,149.3769
-37.3711,149.3572
-37.3616,149.3694
-37.3971,148.8864
-37.4412,148.0577
-37.4307,148.0541
-37.2499,148.7469
-37.2531,148.7305
-37.2421,148.7267
-37.2349,148.704
-37.459,147.4743
-37.4618,147.4592
-36.6244,147.8111
-36.614,147.807
-36.6167,147.7925
-36.5416,148.0697
-37.3453,149.3841
-37.3471,149.3499
-37.3483,149.3793
-37.2046,148.9667
-37.2098,148.9619
-37.2233,148.7285
-36.6162,147.8332
-36.6375,147.7607
-36.6391,147.774
-36.6472,147.8418
-36.6488,147.7719
-36.6587,147.7709
-37.2006,148.9784
-37.2051,148.9659
-36.7029,147.7934
-36.6419,147.7612
-36.6936,147.7959
-36.6425,147.7536
-36.6461,147.7483
-36.697,147.7272
-36.6772,147.7351
-36.6651,147.7556
-36.6681,147.7332
-36.656,147.7539
-36.6575,147.7427
-37.2176,148.7565
-37.4793,149.8488
-37.496,149.8392
-37.485,149.8499
-37.4865,149.8373
-37.4848,149.8365
-37.4948,149.8337
-38.0646,142.5113
-38.0538,142.5206
-38.0556,142.509
-37.888,143.4774
-38.5281,143.4817
-37.9079,143.4701
-37.8964,143.4662
-37.9267,142.8475
-36.6477,141.6973
-37.5052,145.6023
-37.5073,145.5897
-37.4978,145.5874
-37.5019,145.604
-36.11,145.7753
-35.3501,141.3212
-37.1618,149.0129
-36.427,141.4712
-37.4603,145.5532
-37.4662,145.5548
-37.9702,143.0927
-37.9794,143.0863
-37.7915,143.203
-37.4107,143.2053
-37.4126,143.1767
-37.4047,143.1973
-36.19,146.3078
-36.1917,146.2904
-37.72,143.2717
-36.6625,146.684
-36.6015,147.0522
-36.6031,147.041
-38.0351,146.6788
-37.9817,146.398
-37.7835,146.2968
-37.785,146.2851
-37.7759,146.283
-37.2043,148.8405
-37.5439,146.1669
-37.5347,146.1652
-37.5362,146.1534
-36.4207,145.6502
-36.1909,146.3948
-36.4802,142.2588
-36.4818,142.2425
-36.4782,142.2533
-37.4548,141.9226
-35.7236,143.0337
-38.0382,143.7425
-36.7091,141.3047
-36.7273,143.5706
-36.7304,143.5609
-36.5863,146.6676
-37.5437,142.6461
-36.967,141.4513
-36.9686,141.44
-37.9955,143.5205
-37.9849,143.5172
-37.499,142.8341
-37.988,143.5009
-37.4962,142.8494
-37.7717,142.9813
-37.7746,142.966
-36.0961,146.5102
-36.7064,141.0312
-36.7526,141.1474
-37.3697,145.8354
-37.3712,145.8239
-36.4395,141.1318
-36.429,141.1288
-34.8376,141.9647
-34.834,141.9829
-34.8386,141.979
-36.5299,142.1737
-37.9465,141.0642
-37.9449,141.0524
-36.5093,142.2103
-36.5138,142.1887
-36.0233,143.5545
-37.9095,141.6005
-38.1691,146.9545
-38.1643,146.9195
-38.1783,146.9525
-38.1707,146.9662
-38.1799,146.9642
-38.1854,146.9623
-38.1962,146.9654
-38.2284,146.9753
-37.7719,147.1704
-37.1321,148.6605
-37.3706,142.3951
-37.3684,142.4077
-37.3821,142.3851
-37.3756,142.1158
-36.4332,141.553
-36.2778,142.1494
-36.2852,142.1448
-36.2835,142.1562
-36.0912,142.6505
-36.5676,141.4274
-36.0178,142.4238
-36.0292,142.4124
-36.0194,142.4106
-37.295,141.1312
-37.3003,141.1272
-37.2967,141.1116
-37.2886,141.1254
-36.5831,142.6643
-37.2747,141.0799
-36.5943,142.653
-36.5928,142.6661
-37.2607,141.11
-36.5846,142.6512
-34.7405,141.7729
-37.4679,141.8075
-37.6791,141.2736
-37.6774,141.2896
-37.4563,141.8087
-37.4548,141.8236
-37.4608,141.7966
-37.4515,141.7985
-37.4438,141.8124
-37.4623,141.8
-36.4659,141.8664
-36.4642,141.8505
-36.5229,141.9518
-36.5153,141.9758
-36.5153,141.9837
